episode,score,length,total_reward,avg_reward
10,0,87,6.3000000000000025,0.07241379310344831
20,2,221,116.09999999999958,0.5253393665158352
30,5,420,194.99999999999912,0.4642857142857122
40,5,420,189.59999999999974,0.4514285714285708
50,1,158,88.49999999999987,0.5601265822784802
60,17,1229,581.9000000000086,0.47347436940602816
70,28,1962,1005.0000000000149,0.5122324159021483
80,134,9047,4813.300000000093,0.5320327180280858
